date,time,speed,ldws,lkas
2020-10-23,14:51:28,28,0,0
2020-10-23,14:51:29,27,0,1
2020-10-23,14:51:30,27,0,1
2020-10-23,14:51:31,28,0,1
2020-10-23,14:51:32,29,0,1
2020-10-23,14:51:33,29,0,1
2020-10-23,14:51:34,29,0,1
2020-10-23,14:51:35,29,0,1
2020-10-23,14:51:36,29,0,1
2020-10-23,14:51:37,28,0,1
2020-10-23,14:51:38,27,0,1
2020-10-23,14:51:39,26,0,1
2020-10-23,14:51:40,26,0,1
2020-10-23,14:51:41,26,0,1
2020-10-23,14:51:42,26,0,1
2020-10-23,14:51:43,26,0,1
2020-10-23,14:51:44,27,0,1
2020-10-23,14:51:45,28,0,1
2020-10-23,14:51:46,29,0,1
2020-10-23,14:51:47,30,0,1
2020-10-23,14:51:48,31,0,1
2020-10-23,14:51:49,32,0,1
2020-10-23,14:51:50,32,0,1
2020-10-23,14:51:51,32,0,1
2020-10-23,14:51:52,32,0,1
2020-10-23,14:51:53,33,0,1
2020-10-23,14:51:54,33,0,1
2020-10-23,14:51:55,33,0,1
2020-10-23,14:51:56,33,0,1
2020-10-23,14:51:57,33,0,1
2020-10-23,14:51:58,33,0,1
2020-10-23,14:51:59,33,0,1
2020-10-23,14:52:00,33,0,1
2020-10-23,14:52:01,33,0,1
2020-10-23,14:52:02,34,0,1
2020-10-23,14:52:03,34,0,1
2020-10-23,14:52:04,35,0,1
2020-10-23,14:52:05,36,0,1
2020-10-23,14:52:06,36,0,1
2020-10-23,14:52:07,36,0,1
2020-10-23,14:52:08,53,0,1
2020-10-23,14:52:09,43,0,1
2020-10-23,14:52:10,34,0,1
2020-10-23,14:52:11,43,0,1
2020-10-23,14:52:12,43,0,1
2020-10-23,14:52:13,34,0,1
2020-10-23,14:52:14,53,0,1
2020-10-23,14:52:15,36,0,1
2020-10-23,14:52:16,37,0,1
2020-10-23,14:52:17,73,0,1
2020-10-23,14:52:18,38,0,1
2020-10-23,14:52:19,38,0,1
2020-10-23,14:52:20,39,0,1
2020-10-23,14:52:21,39,0,1
2020-10-23,14:52:22,39,0,1
2020-10-23,14:52:23,40,0,1
2020-10-23,14:52:24,40,0,1
2020-10-23,14:52:25,40,0,1
2020-10-23,14:52:26,40,0,1
2020-10-23,14:52:27,40,0,1
2020-10-23,14:52:28,40,0,1
2020-10-23,14:52:29,40,0,1
2020-10-23,14:52:30,40,0,1
2020-10-23,14:52:31,40,0,1
2020-10-23,14:52:32,40,0,1
2020-10-23,14:52:33,41,0,1
2020-10-23,14:52:34,41,0,1
2020-10-23,14:52:35,40,0,1
2020-10-23,14:52:36,40,0,1
2020-10-23,14:52:37,40,0,1
2020-10-23,14:52:38,40,0,1
2020-10-23,14:52:39,43,0,1
2020-10-23,14:52:40,44,0,1
2020-10-23,14:52:41,45,0,1
2020-10-23,14:52:42,45,0,1
2020-10-23,14:52:43,54,0,1
2020-10-23,14:52:44,43,0,1
2020-10-23,14:52:45,42,0,1
2020-10-23,14:52:46,41,0,1
2020-10-23,14:52:47,41,0,1
2020-10-23,14:52:48,40,0,1
2020-10-23,14:52:49,39,0,1
2020-10-23,14:52:50,39,0,1
2020-10-23,14:52:51,39,0,1
2020-10-23,14:52:52,39,0,1
2020-10-23,14:52:53,39,0,1
2020-10-23,14:52:54,38,0,1
2020-10-23,14:52:55,38,0,1
2020-10-23,14:52:56,38,0,1
2020-10-23,14:52:57,38,0,1
2020-10-23,14:52:58,38,0,1
2020-10-23,14:52:59,38,0,1
2020-10-23,14:53:00,38,0,1
2020-10-23,14:53:01,38,0,1
2020-10-23,14:53:02,38,0,1
2020-10-23,14:53:03,39,0,1
2020-10-23,14:53:04,39,0,1
2020-10-23,14:53:05,39,0,1
2020-10-23,14:53:06,40,0,1
2020-10-23,14:53:07,41,0,1
2020-10-23,14:53:08,41,0,1
2020-10-23,14:53:09,42,0,1
2020-10-23,14:53:10,42,0,1
2020-10-23,14:53:11,42,0,1
2020-10-23,14:53:12,43,0,1
2020-10-23,14:53:13,44,0,1
2020-10-23,14:53:14,44,0,1
2020-10-23,14:53:15,44,0,1
2020-10-23,14:53:16,45,0,1
2020-10-23,14:53:17,45,0,1
2020-10-23,14:53:18,45,0,1
2020-10-23,14:53:19,45,0,1
2020-10-23,14:53:20,45,0,1
2020-10-23,14:53:21,46,0,1
2020-10-23,14:53:22,46,0,1
2020-10-23,14:53:23,46,0,1
2020-10-23,14:53:24,46,0,1
2020-10-23,14:53:25,46,0,1
2020-10-23,14:53:26,45,0,1
2020-10-23,14:53:27,44,0,1
2020-10-23,14:53:28,44,0,1
2020-10-23,14:53:29,43,0,1
2020-10-23,14:53:30,42,0,1
2020-10-23,14:53:31,42,0,1
2020-10-23,14:53:32,41,0,1
2020-10-23,14:53:33,40,0,1
2020-10-23,14:53:34,40,0,1
2020-10-23,14:53:35,39,0,1
2020-10-23,14:53:36,39,0,1
2020-10-23,14:53:37,39,0,1
2020-10-23,14:53:38,39,0,1
2020-10-23,14:53:39,39,0,1
2020-10-23,14:53:40,39,0,1
2020-10-23,14:53:41,37,0,1
2020-10-23,14:53:42,63,0,1
2020-10-23,14:53:43,53,0,1
2020-10-23,14:53:44,43,0,1
2020-10-23,14:53:45,34,0,1
2020-10-23,14:53:46,34,0,1
2020-10-23,14:53:47,34,0,1
2020-10-23,14:53:48,34,0,1
2020-10-23,14:53:49,33,0,1
2020-10-23,14:53:50,32,0,1
2020-10-23,14:53:51,31,0,1
2020-10-23,14:53:52,31,0,1
2020-10-23,14:53:54,30,0,0
2020-10-23,14:53:55,28,0,1
2020-10-23,14:53:56,25,0,1
2020-10-23,14:53:57,,0,0
2020-10-23,14:53:58,,0,1
2020-10-23,14:53:59,,0,1
2020-10-23,14:54:00,,0,1
2020-10-23,14:54:01,37,0,1
2020-10-23,14:54:02,40,0,1
2020-10-23,14:54:03,42,0,1
2020-10-23,14:54:04,44,0,1
2020-10-23,14:54:05,45,0,1
2020-10-23,14:54:06,42,0,1
2020-10-23,14:54:07,39,0,1
2020-10-23,14:54:08,37,0,1
2020-10-23,14:54:09,35,0,1
2020-10-23,14:54:10,33,0,1
2020-10-23,14:54:11,31,0,1
2020-10-23,14:54:12,30,0,1
2020-10-23,14:54:13,28,0,1
2020-10-23,14:54:14,26,0,1
2020-10-23,14:54:15,24,0,1
2020-10-23,14:54:16,21,0,1
2020-10-23,14:54:17,15,0,1
2020-10-23,14:54:18,11,0,1
2020-10-23,14:54:19,8,0,1
2020-10-23,14:54:20,7,0,0
2020-10-23,14:54:21,6,0,0
2020-10-23,14:54:22,6,0,0
2020-10-23,14:54:23,6,0,0
2020-10-23,14:54:24,8,0,0
2020-10-23,14:54:25,12,0,0
2020-10-23,14:54:26,15,0,0
2020-10-23,14:54:27,15,0,0
2020-10-23,14:54:28,15,0,0
2020-10-23,14:54:29,14,0,0
2020-10-23,14:54:30,13,0,0
2020-10-23,14:54:31,11,0,0
2020-10-23,14:54:32,10,0,0
2020-10-23,14:54:33,9,0,0
2020-10-23,14:54:34,7,0,0
2020-10-23,14:54:35,3,0,0
2020-10-23,14:54:36,1,0,0
2020-10-23,14:54:37,0,0,0
2020-10-23,14:54:38,1,0,0
2020-10-23,14:54:39,2,0,0
2020-10-23,14:54:40,2,0,0
2020-10-23,14:54:41,2,0,0
2020-10-23,14:54:42,3,0,0
2020-10-23,14:54:43,3,0,0
2020-10-23,14:54:44,4,0,0
2020-10-23,14:54:45,5,0,0
2020-10-23,14:54:46,6,0,0
2020-10-23,14:54:47,6,0,0
2020-10-23,14:54:48,7,0,0
2020-10-23,14:54:49,7,0,0
2020-10-23,14:54:50,8,0,0
2020-10-23,14:54:51,8,0,0
2020-10-23,14:54:52,7,0,0
2020-10-23,14:54:53,7,0,0
2020-10-23,14:54:54,7,0,0
2020-10-23,14:54:55,8,0,0
2020-10-23,14:54:56,9,0,1
2020-10-23,14:54:57,13,0,1
2020-10-23,14:54:58,16,0,1
2020-10-23,14:54:59,19,0,1
2020-10-23,14:55:00,22,0,1
2020-10-23,14:55:01,25,0,1
2020-10-23,14:55:02,26,0,1
2020-10-23,14:55:03,27,0,1
2020-10-23,14:55:04,27,0,1
2020-10-23,14:55:05,26,0,1
2020-10-23,14:55:06,28,0,1
2020-10-23,14:55:07,21,0,1
2020-10-23,14:55:08,20,0,1
2020-10-23,14:55:09,20,0,1
2020-10-23,14:55:10,19,0,1
2020-10-23,14:55:11,19,0,1
2020-10-23,14:55:12,19,0,0
2020-10-23,14:55:13,19,0,0
2020-10-23,14:55:14,19,0,0
2020-10-23,14:55:15,19,0,1
2020-10-23,14:55:16,19,0,0
2020-10-23,14:55:17,18,0,1
2020-10-23,14:55:18,16,0,1
2020-10-23,14:55:19,16,0,1
2020-10-23,14:55:20,16,0,0
2020-10-23,14:55:21,16,0,0
2020-10-23,14:55:22,18,0,0
2020-10-23,14:55:23,21,0,0
2020-10-23,14:55:24,24,0,0
2020-10-23,14:55:25,72,0,0
2020-10-23,14:55:26,28,0,1
2020-10-23,14:55:27,,0,1
2020-10-23,14:55:28,32,0,1
2020-10-23,14:55:29,,1,1
2020-10-23,14:55:30,,0,1
2020-10-23,14:55:31,37,0,1
2020-10-23,14:55:32,,0,1
2020-10-23,14:55:33,,0,1
2020-10-23,14:55:34,,0,1
2020-10-23,14:55:35,,0,1
2020-10-23,14:55:36,,0,1
2020-10-23,14:55:37,39,0,1
2020-10-23,14:55:38,,0,1
2020-10-23,14:55:39,,0,1
2020-10-23,14:55:40,,0,1
2020-10-23,14:55:41,37,0,1
2020-10-23,14:55:42,,0,1
2020-10-23,14:55:43,,0,1
2020-10-23,14:55:44,,0,1
2020-10-23,14:55:45,,0,1
2020-10-23,14:55:46,,0,0
2020-10-23,14:55:47,31,0,1
2020-10-23,14:55:48,,0,1
2020-10-23,14:55:49,,0,1
2020-10-23,14:55:50,,0,1
2020-10-23,14:55:51,,0,1
2020-10-23,14:55:52,,0,1
2020-10-23,14:55:53,,0,1
2020-10-23,14:55:54,,0,1
2020-10-23,14:55:55,,0,1
2020-10-23,14:55:56,,0,1
2020-10-23,14:55:57,,0,1
2020-10-23,14:55:58,,0,1
2020-10-23,14:55:59,,0,1
2020-10-23,14:56:00,,0,1
2020-10-23,14:56:01,31,0,1
2020-10-23,14:56:02,,0,1
2020-10-23,14:56:03,,0,1
2020-10-23,14:56:04,,0,1
2020-10-23,14:56:05,,0,1
2020-10-23,14:56:06,,0,1
2020-10-23,14:56:07,1,1,1
2020-10-23,14:56:08,,0,1
2020-10-23,14:56:09,,0,1
2020-10-23,14:56:10,,0,1
2020-10-23,14:56:11,,0,1
2020-10-23,14:56:12,,0,1
2020-10-23,14:56:13,,0,1
2020-10-23,14:56:14,,0,1
2020-10-23,14:56:15,,0,1
2020-10-23,14:56:16,,0,1
2020-10-23,14:56:17,,0,1
2020-10-23,14:56:18,,0,1
2020-10-23,14:56:19,,0,1
2020-10-23,14:56:20,,0,1
2020-10-23,14:56:21,,0,1
2020-10-23,14:56:22,,0,1
2020-10-23,14:56:23,,0,1
2020-10-23,14:56:24,,0,1
2020-10-23,14:56:25,,0,1
2020-10-23,14:56:26,,0,1
2020-10-23,14:56:27,,0,1
2020-10-23,14:56:28,,0,1
2020-10-23,14:56:29,,0,1
2020-10-23,14:56:30,,0,1
2020-10-23,14:56:31,,0,1
2020-10-23,14:56:32,,0,1
2020-10-23,14:56:33,,0,1
2020-10-23,14:56:34,,0,1
2020-10-23,14:56:35,,0,1
2020-10-23,14:56:36,,0,1
2020-10-23,14:56:37,,0,1
2020-10-23,14:56:38,,1,1
2020-10-23,14:56:39,,0,1
2020-10-23,14:56:40,,0,1
2020-10-23,14:56:41,,0,0
2020-10-23,14:56:42,,1,1
2020-10-23,14:56:43,,0,1
2020-10-23,14:56:44,,0,1
2020-10-23,14:56:45,,0,1
2020-10-23,14:56:46,,0,1
2020-10-23,14:56:47,1,0,1
2020-10-23,14:56:48,,0,1
2020-10-23,14:56:49,,0,1
2020-10-23,14:56:50,,0,1
2020-10-23,14:56:51,,0,1
2020-10-23,14:56:52,,0,1
2020-10-23,14:56:53,,0,1
2020-10-23,14:56:54,,0,1
2020-10-23,14:56:55,7,0,1
2020-10-23,14:56:56,,0,1
2020-10-23,14:56:57,,0,1
2020-10-23,14:56:58,,0,1
2020-10-23,14:56:59,,0,1
2020-10-23,14:57:00,,0,1
2020-10-23,14:57:01,,0,1
2020-10-23,14:57:02,,0,1
2020-10-23,14:57:03,,0,1
2020-10-23,14:57:04,7,0,1
2020-10-23,14:57:05,,0,1
2020-10-23,14:57:06,,0,1
2020-10-23,14:57:07,1,0,1
2020-10-23,14:57:08,,0,1
2020-10-23,14:57:09,,0,1
2020-10-23,14:57:10,,0,1
2020-10-23,14:57:11,,0,1
2020-10-23,14:57:12,,0,1
2020-10-23,14:57:13,,0,1
2020-10-23,14:57:14,,0,1
2020-10-23,14:57:15,,0,1
2020-10-23,14:57:16,53,0,1
2020-10-23,14:57:17,53,0,1
2020-10-23,14:57:18,54,0,1
2020-10-23,14:57:19,55,0,1
2020-10-23,14:57:20,56,0,1
2020-10-23,14:57:21,57,0,1
2020-10-23,14:57:22,58,0,1
2020-10-23,14:57:23,59,0,1
2020-10-23,14:57:24,60,0,1
2020-10-23,14:57:25,60,0,1
2020-10-23,14:57:26,61,0,1
2020-10-23,14:57:27,63,0,1
2020-10-23,14:57:28,64,0,1
2020-10-23,14:57:29,65,0,1
2020-10-23,14:57:30,64,0,1
2020-10-23,14:57:31,64,0,1
2020-10-23,14:57:32,64,0,1
2020-10-23,14:57:33,64,0,1
2020-10-23,14:57:34,65,0,1
2020-10-23,14:57:35,65,0,1
2020-10-23,14:57:36,66,0,1
2020-10-23,14:57:37,66,0,1
2020-10-23,14:57:38,67,0,1
2020-10-23,14:57:39,67,0,1
2020-10-23,14:57:40,68,0,1
2020-10-23,14:57:41,68,0,1
2020-10-23,14:57:42,69,0,1
2020-10-23,14:57:43,69,0,1
2020-10-23,14:57:44,69,0,1
2020-10-23,14:57:45,69,0,0
2020-10-23,14:57:46,69,0,1
2020-10-23,14:57:47,69,0,0
2020-10-23,14:57:48,69,0,0
2020-10-23,14:57:49,69,0,0
2020-10-23,14:57:50,69,0,1
2020-10-23,14:57:51,,0,1
2020-10-23,14:57:52,,0,1
2020-10-23,14:57:53,,0,1
2020-10-23,14:57:54,,0,1
2020-10-23,14:57:55,,0,1
2020-10-23,14:57:56,6,0,1
2020-10-23,14:57:57,,0,1
2020-10-23,14:57:58,,0,1
2020-10-23,14:57:59,70,0,1
2020-10-23,14:58:00,70,0,1
2020-10-23,14:58:01,70,0,1
2020-10-23,14:58:02,70,0,1
2020-10-23,14:58:03,70,0,1
2020-10-23,14:58:04,70,0,1
2020-10-23,14:58:05,70,0,1
2020-10-23,14:58:06,71,0,1
2020-10-23,14:58:07,71,0,1
2020-10-23,14:58:08,71,0,1
2020-10-23,14:58:09,70,0,1
2020-10-23,14:58:10,70,0,1
2020-10-23,14:58:11,70,0,1
2020-10-23,14:58:12,70,0,1
2020-10-23,14:58:13,70,0,1
2020-10-23,14:58:14,71,0,1
2020-10-23,14:58:15,71,0,1
2020-10-23,14:58:16,70,0,1
2020-10-23,14:58:17,70,0,1
2020-10-23,14:58:18,70,0,1
2020-10-23,14:58:19,70,0,1
2020-10-23,14:58:20,71,0,1
2020-10-23,14:58:21,71,0,1
2020-10-23,14:58:22,70,0,1
2020-10-23,14:58:23,70,0,1
2020-10-23,14:58:24,70,0,1
2020-10-23,14:58:25,70,0,1
2020-10-23,14:58:26,,0,1
2020-10-23,14:58:27,,1,1
2020-10-23,14:58:28,,0,1
2020-10-23,14:58:29,,0,1
2020-10-23,14:58:30,,0,1
2020-10-23,14:58:31,,0,1
2020-10-23,14:58:32,,0,1
2020-10-23,14:58:33,,0,1
2020-10-23,14:58:34,71,0,1
2020-10-23,14:58:35,70,0,1
2020-10-23,14:58:36,70,0,1
2020-10-23,14:58:37,70,0,1
2020-10-23,14:58:38,,0,1
2020-10-23,14:58:39,,0,1
2020-10-23,14:58:40,,0,1
2020-10-23,14:58:41,,0,1
2020-10-23,14:58:42,,0,1
2020-10-23,14:58:43,,0,1
2020-10-23,14:58:44,,0,1
2020-10-23,14:58:45,,0,1
2020-10-23,14:58:46,,0,1
2020-10-23,14:58:47,,0,1
2020-10-23,14:58:48,,0,1
2020-10-23,14:58:49,,0,1
2020-10-23,14:58:50,,0,1
2020-10-23,14:58:51,,0,1
2020-10-23,14:58:52,70,0,1
2020-10-23,14:58:53,70,0,1
2020-10-23,14:58:54,70,0,1
2020-10-23,14:58:55,70,0,1
2020-10-23,14:58:56,70,0,1
2020-10-23,14:58:57,71,0,1
2020-10-23,14:58:57,74,0,1
2020-10-23,14:58:58,,0,1
2020-10-23,14:58:59,,0,1
2020-10-23,14:59:00,,0,1
2020-10-23,14:59:01,86,0,1
2020-10-23,14:59:02,87,0,1
2020-10-23,14:59:03,88,0,1
2020-10-23,14:59:04,89,0,1
2020-10-23,14:59:05,89,0,1
2020-10-23,14:59:06,89,0,1
2020-10-23,14:59:07,90,0,1
2020-10-23,14:59:08,90,0,1
2020-10-23,14:59:09,90,0,1
2020-10-23,14:59:10,90,0,1
2020-10-23,14:59:11,,0,1
2020-10-23,14:59:12,,0,1
2020-10-23,14:59:13,,0,1
2020-10-23,14:59:14,,0,1
2020-10-23,14:59:15,,0,0
2020-10-23,14:59:16,91,0,0
2020-10-23,14:59:17,19,0,0
2020-10-23,14:59:18,90,0,1
2020-10-23,14:59:19,90,0,1
2020-10-23,14:59:20,90,0,1
2020-10-23,14:59:21,90,0,1
2020-10-23,14:59:22,90,0,1
2020-10-23,14:59:23,91,0,1
2020-10-23,14:59:24,91,0,1
2020-10-23,14:59:25,91,0,1
2020-10-23,14:59:26,90,0,1
2020-10-23,14:59:27,90,0,1
2020-10-23,14:59:28,90,0,1
2020-10-23,14:59:29,90,0,1
2020-10-23,14:59:30,90,0,1
2020-10-23,14:59:31,90,0,1
2020-10-23,14:59:32,89,0,1
2020-10-23,14:59:33,87,0,1
2020-10-23,14:59:34,86,0,1
2020-10-23,14:59:35,85,0,1
2020-10-23,14:59:36,,0,1
2020-10-23,14:59:37,,0,1
2020-10-23,14:59:38,,0,1
2020-10-23,14:59:39,82,0,1
2020-10-23,14:59:40,81,0,1
2020-10-23,14:59:41,79,0,1
2020-10-23,14:59:42,78,0,1
2020-10-23,14:59:43,77,0,1
2020-10-23,14:59:44,77,0,1
2020-10-23,14:59:45,76,0,1
2020-10-23,14:59:46,77,0,1
2020-10-23,14:59:47,77,0,1
2020-10-23,14:59:48,79,0,1
2020-10-23,14:59:49,82,0,1
2020-10-23,14:59:50,84,0,1
2020-10-23,14:59:51,86,0,1
2020-10-23,14:59:52,87,0,1
2020-10-23,14:59:53,88,0,1
2020-10-23,14:59:54,89,0,1
2020-10-23,14:59:55,89,0,1
2020-10-23,14:59:56,89,0,1
2020-10-23,14:59:57,90,0,1
2020-10-23,14:59:58,90,0,1
2020-10-23,14:59:59,90,0,1
2020-10-23,15:00:00,90,0,1
2020-10-23,15:00:01,90,0,1
2020-10-23,15:00:02,90,0,1
2020-10-23,15:00:03,,0,1
2020-10-23,15:00:04,90,0,1
2020-10-23,15:00:05,90,0,1
2020-10-23,15:00:06,90,0,1
2020-10-23,15:00:07,90,0,1
2020-10-23,15:00:08,90,0,1
2020-10-23,15:00:09,90,0,1
2020-10-23,15:00:10,90,0,1
2020-10-23,15:00:11,90,0,1
2020-10-23,15:00:12,90,0,1
2020-10-23,15:00:13,90,0,1
2020-10-23,15:00:14,90,0,1
2020-10-23,15:00:15,90,0,1
2020-10-23,15:00:16,90,0,1
2020-10-23,15:00:17,90,0,1
2020-10-23,15:00:18,90,0,1
2020-10-23,15:00:19,90,0,1
2020-10-23,15:00:20,90,0,1
2020-10-23,15:00:21,90,0,1
2020-10-23,15:00:22,,0,1
2020-10-23,15:00:23,90,0,1
2020-10-23,15:00:24,90,0,1
2020-10-23,15:00:25,90,0,1
2020-10-23,15:00:26,90,0,1
2020-10-23,15:00:27,90,0,1
2020-10-23,15:00:28,90,0,1
2020-10-23,15:00:29,90,0,1
2020-10-23,15:00:30,90,0,1
2020-10-23,15:00:31,90,0,1
2020-10-23,15:00:32,90,0,1
2020-10-23,15:00:33,90,0,1
2020-10-23,15:00:34,90,0,1
2020-10-23,15:00:35,90,0,1
2020-10-23,15:00:36,90,0,1
2020-10-23,15:00:37,,0,1
2020-10-23,15:00:38,90,0,1
2020-10-23,15:00:39,90,0,1
2020-10-23,15:00:40,90,0,1
2020-10-23,15:00:41,90,0,1
2020-10-23,15:00:42,90,0,1
2020-10-23,15:00:43,90,0,1
2020-10-23,15:00:44,90,0,1
2020-10-23,15:00:45,90,0,1
2020-10-23,15:00:46,90,0,1
2020-10-23,15:00:47,90,0,1
2020-10-23,15:00:48,90,0,1
2020-10-23,15:00:49,90,0,1
2020-10-23,15:00:50,90,0,1
2020-10-23,15:00:51,91,0,1
2020-10-23,15:00:52,90,0,1
2020-10-23,15:00:53,90,0,1
2020-10-23,15:00:54,91,0,1
2020-10-23,15:00:55,90,0,1
2020-10-23,15:00:56,90,0,1
2020-10-23,15:00:57,90,0,1
2020-10-23,15:00:58,90,0,1
2020-10-23,15:00:59,,0,1
2020-10-23,15:01:00,,0,1
2020-10-23,15:01:01,,0,1
2020-10-23,15:01:02,90,0,1
2020-10-23,15:01:03,90,0,1
2020-10-23,15:01:04,90,0,1
2020-10-23,15:01:05,90,0,1
2020-10-23,15:01:06,90,0,1
2020-10-23,15:01:07,90,0,0
2020-10-23,15:01:08,90,0,0
2020-10-23,15:01:09,89,0,0
2020-10-23,15:01:10,88,0,0
2020-10-23,15:01:11,87,0,0
2020-10-23,15:01:12,68,0,0
2020-10-23,15:01:13,78,0,0
2020-10-23,15:01:14,88,0,0
2020-10-23,15:01:15,89,0,0
2020-10-23,15:01:16,89,0,1
2020-10-23,15:01:17,88,0,1
2020-10-23,15:01:18,85,0,1
2020-10-23,15:01:19,81,0,1
2020-10-23,15:01:20,77,0,1
2020-10-23,15:01:21,78,0,1
2020-10-23,15:01:22,71,0,1
2020-10-23,15:01:23,70,0,1
2020-10-23,15:01:24,69,0,1
2020-10-23,15:01:25,69,0,1
2020-10-23,15:01:26,70,0,1
2020-10-23,15:01:27,70,0,1
2020-10-23,15:01:28,70,0,1
2020-10-23,15:01:29,70,0,1
2020-10-23,15:01:30,70,0,1
2020-10-23,15:01:31,70,0,1
2020-10-23,15:01:32,70,0,1
2020-10-23,15:01:33,70,0,1
2020-10-23,15:01:34,70,0,1
2020-10-23,15:01:35,70,0,1
2020-10-23,15:01:36,70,0,1
2020-10-23,15:01:37,4,0,1
2020-10-23,15:01:38,4,0,1
2020-10-23,15:01:39,4,0,1
2020-10-23,15:01:40,70,0,1
2020-10-23,15:01:41,70,0,1
2020-10-23,15:01:42,70,0,1
2020-10-23,15:01:43,70,0,1
2020-10-23,15:01:44,70,0,1
2020-10-23,15:01:45,70,0,1
2020-10-23,15:01:46,70,0,1
2020-10-23,15:01:47,70,0,1
2020-10-23,15:01:48,70,0,1
2020-10-23,15:01:49,70,0,1
2020-10-23,15:01:50,70,0,1
2020-10-23,15:01:51,70,0,1
2020-10-23,15:01:52,70,0,0
2020-10-23,15:01:53,70,0,0
2020-10-23,15:01:54,70,0,0
2020-10-23,15:01:55,70,0,0
2020-10-23,15:01:56,69,0,0
2020-10-23,15:11:10,47,0,0
2020-10-23,15:11:11,48,0,0
2020-10-23,15:11:12,88,0,0
2020-10-23,15:11:13,53,0,0
2020-10-23,15:11:14,55,0,0
2020-10-23,15:11:15,58,0,0
2020-10-23,15:11:16,61,0,0
2020-10-23,15:11:17,64,0,0
2020-10-23,15:11:18,66,0,0
2020-10-23,15:11:19,68,0,0
2020-10-23,15:11:20,69,0,0
2020-10-23,15:11:21,69,0,0
2020-10-23,15:11:22,4,0,0
2020-10-23,15:11:23,,0,0
2020-10-23,15:11:24,,0,1
2020-10-23,15:11:25,,0,1
2020-10-23,15:11:26,70,0,1
2020-10-23,15:11:27,70,0,1
2020-10-23,15:11:28,70,0,1
2020-10-23,15:11:29,70,0,1
2020-10-23,15:11:30,70,0,1
2020-10-23,15:11:31,70,0,1
2020-10-23,15:11:32,71,0,1
2020-10-23,15:11:33,70,0,1
2020-10-23,15:11:34,70,0,1
2020-10-23,15:11:35,70,0,1
2020-10-23,15:11:36,70,0,1
2020-10-23,15:11:37,71,0,1
2020-10-23,15:11:38,,0,1
2020-10-23,15:11:39,70,0,1
2020-10-23,15:11:40,70,0,1
2020-10-23,15:11:41,70,0,1
2020-10-23,15:11:42,71,0,1
2020-10-23,15:11:43,71,0,1
2020-10-23,15:11:44,70,0,1
2020-10-23,15:11:45,70,0,1
2020-10-23,15:11:46,70,0,1
2020-10-23,15:11:47,70,0,1
2020-10-23,15:11:48,70,0,1
2020-10-23,15:11:49,70,0,1
2020-10-23,15:11:50,71,0,1
2020-10-23,15:11:51,71,0,1
2020-10-23,15:11:52,71,0,1
2020-10-23,15:11:53,70,0,1
2020-10-23,15:11:54,70,0,1
2020-10-23,15:11:55,70,0,1
2020-10-23,15:11:56,70,0,1
2020-10-23,15:11:57,71,0,1
2020-10-23,15:11:58,71,0,1
2020-10-23,15:11:59,71,0,1
2020-10-23,15:12:00,71,0,1
2020-10-23,15:12:01,70,0,1
2020-10-23,15:12:02,70,0,1
2020-10-23,15:12:03,70,0,1
2020-10-23,15:12:04,70,0,1
2020-10-23,15:12:05,70,0,1
2020-10-23,15:12:06,70,0,1
2020-10-23,15:12:07,70,0,1
2020-10-23,15:12:08,70,0,1
2020-10-23,15:12:09,70,0,1
2020-10-23,15:12:10,70,0,1
2020-10-23,15:12:11,70,0,1
2020-10-23,15:12:12,70,0,1
2020-10-23,15:12:13,70,0,1
2020-10-23,15:12:14,70,0,1
2020-10-23,15:12:15,70,0,1
2020-10-23,15:12:16,70,0,1
2020-10-23,15:12:17,70,0,1
2020-10-23,15:12:18,70,0,1
2020-10-23,15:12:19,70,0,1
2020-10-23,15:12:20,70,0,1
2020-10-23,15:12:21,70,0,1
2020-10-23,15:12:22,70,0,1
2020-10-23,15:12:23,70,0,1
2020-10-23,15:12:24,70,0,1
2020-10-23,15:12:25,70,0,1
2020-10-23,15:12:26,70,0,1
2020-10-23,15:12:27,70,0,1
2020-10-23,15:12:28,70,0,1
2020-10-23,15:12:29,70,0,1
2020-10-23,15:12:30,70,0,1
2020-10-23,15:12:31,71,0,1
2020-10-23,15:12:32,71,0,1
2020-10-23,15:12:33,74,0,1
2020-10-23,15:12:34,76,0,1
2020-10-23,15:12:35,78,0,1
2020-10-23,15:12:36,81,0,1
2020-10-23,15:12:37,84,0,1
2020-10-23,15:12:38,87,0,1
2020-10-23,15:12:39,89,0,1
2020-10-23,15:12:40,92,0,1
2020-10-23,15:12:41,95,0,1
2020-10-23,15:12:42,97,0,1
2020-10-23,15:12:43,98,0,1
2020-10-23,15:12:44,98,0,1
2020-10-23,15:12:45,96,0,1
2020-10-23,15:12:46,94,0,1
2020-10-23,15:12:47,91,0,1
2020-10-23,15:12:48,88,0,1
2020-10-23,15:12:49,86,0,1
2020-10-23,15:12:50,86,0,1
2020-10-23,15:12:51,87,0,1
2020-10-23,15:12:52,87,0,1
2020-10-23,15:12:53,58,0,1
2020-10-23,15:12:54,85,0,1
2020-10-23,15:12:55,83,0,1
2020-10-23,15:12:56,81,0,1
2020-10-23,15:12:57,80,0,1
2020-10-23,15:12:58,78,0,1
2020-10-23,15:12:59,76,0,1
2020-10-23,15:13:00,73,0,1
2020-10-23,15:13:01,71,0,1
2020-10-23,15:13:02,69,0,1
2020-10-23,15:13:03,66,0,1
2020-10-23,15:13:04,64,0,1
2020-10-23,15:13:05,61,0,1
2020-10-23,15:13:06,59,0,1
2020-10-23,15:13:07,58,0,1
2020-10-23,15:13:08,58,0,1
2020-10-23,15:13:09,58,0,1
2020-10-23,15:13:10,58,0,1
2020-10-23,15:13:11,58,0,1
2020-10-23,15:13:12,58,0,1
2020-10-23,15:13:13,58,0,1
2020-10-23,15:13:14,57,0,1
2020-10-23,15:13:15,56,0,1
2020-10-23,15:13:16,55,0,1
2020-10-23,15:13:17,54,0,1
2020-10-23,15:13:18,53,0,1
2020-10-23,15:13:19,53,0,1
2020-10-23,15:13:20,53,0,1
2020-10-23,15:13:21,53,0,1
2020-10-23,15:13:22,53,0,1
2020-10-23,15:13:23,56,0,1
2020-10-23,15:13:24,58,0,1
2020-10-23,15:13:25,59,0,1
2020-10-23,15:13:26,60,0,1
2020-10-23,15:13:27,62,0,1
2020-10-23,15:13:28,63,0,1
2020-10-23,15:13:29,68,0,1
2020-10-23,15:13:30,66,0,1
2020-10-23,15:13:31,67,0,1
2020-10-23,15:13:32,68,0,1
2020-10-23,15:13:33,69,0,1
2020-10-23,15:13:34,70,0,1
2020-10-23,15:13:35,70,0,1
2020-10-23,15:13:36,70,0,1
2020-10-23,15:13:37,70,0,1
2020-10-23,15:13:38,70,0,1
2020-10-23,15:13:39,70,0,1
2020-10-23,15:13:40,70,0,1
2020-10-23,15:13:41,70,0,1
2020-10-23,15:13:42,70,0,1
2020-10-23,15:13:43,69,0,1
2020-10-23,15:13:44,68,0,1
2020-10-23,15:13:45,68,0,1
2020-10-23,15:13:46,67,0,1
2020-10-23,15:13:47,67,0,1
2020-10-23,15:13:48,66,0,1
2020-10-23,15:13:49,66,0,1
2020-10-23,15:13:50,65,0,1
2020-10-23,15:13:51,65,0,1
2020-10-23,15:13:52,64,0,1
2020-10-23,15:13:53,64,0,1
2020-10-23,15:13:54,64,0,1
2020-10-23,15:13:55,64,0,1
2020-10-23,15:13:56,64,0,1
2020-10-23,15:13:57,65,0,1
2020-10-23,15:13:58,66,0,1
2020-10-23,15:13:59,67,0,1
2020-10-23,15:14:00,68,0,1
2020-10-23,15:14:01,69,0,1
2020-10-23,15:14:02,69,0,1
2020-10-23,15:14:03,69,0,1
2020-10-23,15:14:04,70,0,1
2020-10-23,15:14:05,70,0,1
2020-10-23,15:14:06,69,0,1
2020-10-23,15:14:07,69,0,1
2020-10-23,15:14:07,69,0,1
2020-10-23,15:14:08,68,0,1
2020-10-23,15:14:09,68,0,1
2020-10-23,15:14:10,68,0,1
2020-10-23,15:14:11,68,0,1
2020-10-23,15:14:12,68,0,1
2020-10-23,15:14:13,67,0,1
2020-10-23,15:14:14,67,0,1
2020-10-23,15:14:15,67,0,1
2020-10-23,15:14:16,67,0,1
2020-10-23,15:14:17,67,0,1
2020-10-23,15:14:18,67,0,1
2020-10-23,15:14:19,66,0,1
2020-10-23,15:14:20,64,0,1
2020-10-23,15:14:21,62,0,1
2020-10-23,15:14:22,59,0,1
2020-10-23,15:14:23,57,0,1
2020-10-23,15:14:24,55,0,1
2020-10-23,15:14:25,54,0,1
2020-10-23,15:14:26,53,0,1
2020-10-23,15:14:27,53,0,1
2020-10-23,15:14:28,53,0,1
2020-10-23,15:14:29,53,0,1
2020-10-23,15:14:30,54,0,1
2020-10-23,15:14:31,55,0,1
2020-10-23,15:14:32,56,0,1
2020-10-23,15:14:33,58,0,1
2020-10-23,15:14:34,60,0,1
2020-10-23,15:14:35,61,0,1
2020-10-23,15:14:36,63,0,1
2020-10-23,15:14:37,65,0,1
2020-10-23,15:14:38,67,0,1
2020-10-23,15:14:39,68,0,1
2020-10-23,15:14:40,68,0,1
2020-10-23,15:14:41,73,0,1
2020-10-23,15:14:42,77,0,0
2020-10-23,15:14:43,82,0,0
2020-10-23,15:14:44,85,0,0
2020-10-23,15:14:45,88,0,0
2020-10-23,15:14:46,89,0,0
2020-10-23,15:14:47,89,0,0
2020-10-23,15:14:48,90,0,1
2020-10-23,15:14:49,91,0,1
2020-10-23,15:14:50,92,0,1
2020-10-23,15:14:51,94,0,1
2020-10-23,15:14:52,96,0,1
2020-10-23,15:14:53,97,0,1
2020-10-23,15:14:54,99,0,1
2020-10-23,15:14:55,100,0,1
2020-10-23,15:14:56,100,0,1
2020-10-23,15:14:57,100,0,1
2020-10-23,15:14:58,100,0,1
2020-10-23,15:14:59,100,0,1
2020-10-23,15:15:00,100,0,1
2020-10-23,15:15:01,101,0,1
2020-10-23,15:15:02,101,0,1
2020-10-23,15:15:03,100,0,1
2020-10-23,15:15:04,100,0,1
2020-10-23,15:15:05,100,0,1
2020-10-23,15:15:06,101,0,1
2020-10-23,15:15:07,101,0,1
2020-10-23,15:15:08,101,0,1
2020-10-23,15:15:09,100,0,1
2020-10-23,15:15:10,100,0,1
2020-10-23,15:15:11,100,0,1
2020-10-23,15:15:12,100,0,1
2020-10-23,15:15:13,101,0,1
2020-10-23,15:15:14,101,0,1
2020-10-23,15:15:15,101,0,1
2020-10-23,15:15:16,100,0,1
2020-10-23,15:15:17,101,0,1
2020-10-23,15:15:18,101,0,1
2020-10-23,15:15:19,100,0,1
2020-10-23,15:15:20,100,0,1
2020-10-23,15:15:21,100,0,1
2020-10-23,15:15:22,100,0,1
2020-10-23,15:15:23,101,0,1
2020-10-23,15:15:24,101,0,1
2020-10-23,15:15:25,100,0,1
2020-10-23,15:15:26,99,0,1
2020-10-23,15:15:27,98,0,1
2020-10-23,15:15:28,97,0,1
2020-10-23,15:15:29,97,0,1
2020-10-23,15:15:30,96,0,1
2020-10-23,15:15:31,,0,1
2020-10-23,15:15:32,,0,1
2020-10-23,15:15:33,,0,1
2020-10-23,15:15:34,,0,1
2020-10-23,15:15:35,,0,1
2020-10-23,15:15:36,,0,0
2020-10-23,15:15:37,,0,0
2020-10-23,15:15:38,,0,0
2020-10-23,15:15:39,,0,0
2020-10-23,15:15:40,100,0,1
2020-10-23,15:15:41,100,0,1
2020-10-23,15:15:42,100,0,1
2020-10-23,15:15:43,100,0,1
2020-10-23,15:15:44,100,0,1
2020-10-23,15:15:45,100,0,1
2020-10-23,15:15:46,100,0,1
2020-10-23,15:15:47,98,0,1
2020-10-23,15:15:48,96,0,1
2020-10-23,15:15:49,94,0,1
2020-10-23,15:15:50,93,0,1
2020-10-23,15:15:51,93,0,1
2020-10-23,15:15:52,91,0,0
2020-10-23,15:15:53,89,0,0
2020-10-23,15:15:54,88,0,0
2020-10-23,15:15:55,87,0,0
2020-10-23,15:15:56,86,0,0
2020-10-23,15:15:57,86,0,0
2020-10-23,15:15:58,87,1,0
2020-10-23,15:15:59,86,1,0
2020-10-23,15:16:00,85,1,0
2020-10-23,15:16:01,85,1,0
2020-10-23,15:16:02,84,1,0
2020-10-23,15:16:03,82,1,0
2020-10-23,15:16:04,78,1,0
2020-10-23,15:16:05,76,1,0
2020-10-23,15:16:06,74,1,0
2020-10-23,15:16:07,72,1,0
2020-10-23,15:16:08,71,1,0
2020-10-23,15:16:09,72,1,0
2020-10-23,15:16:10,73,1,0
2020-10-23,15:16:11,75,1,0
2020-10-23,15:16:12,76,1,0
2020-10-23,15:16:13,76,1,0
2020-10-23,15:16:14,76,1,0
2020-10-23,15:16:15,76,1,0
2020-10-23,15:16:16,77,1,0
2020-10-23,15:16:17,76,1,0
2020-10-23,15:16:18,74,1,0
2020-10-23,15:16:19,72,0,0
2020-10-23,15:16:20,69,1,0
2020-10-23,15:16:21,66,1,0
2020-10-23,15:16:22,65,1,0
2020-10-23,15:16:23,65,1,0
2020-10-23,15:16:24,65,1,0
2020-10-23,15:16:25,65,1,0
2020-10-23,15:16:26,65,1,0
2020-10-23,15:16:27,63,1,0
2020-10-23,15:16:28,60,1,1
2020-10-23,15:16:29,58,1,1
2020-10-23,15:16:30,57,1,1
2020-10-23,15:16:31,57,1,1
2020-10-23,15:16:32,57,1,1
2020-10-23,15:16:33,56,1,1
2020-10-23,15:16:34,56,1,1
2020-10-23,15:16:35,57,1,1
2020-10-23,15:16:36,59,1,1
2020-10-23,15:16:37,60,0,0
2020-10-23,15:16:38,62,1,0
2020-10-23,15:16:39,63,1,0
2020-10-23,15:16:40,63,1,1
2020-10-23,15:16:41,63,1,1
2020-10-23,15:16:42,63,1,0
2020-10-23,15:16:43,61,1,0
2020-10-23,15:16:44,59,1,0
2020-10-23,15:16:45,57,0,0
2020-10-23,15:16:46,56,0,0
2020-10-23,15:16:47,55,0,0
2020-10-23,15:16:48,53,0,0
2020-10-23,15:16:49,51,0,1
2020-10-23,15:16:50,49,0,0
2020-10-23,15:16:51,49,0,0
2020-10-23,15:16:52,49,0,0
2020-10-23,15:16:53,49,0,0
2020-10-23,15:16:54,49,0,0
2020-10-23,15:16:55,49,0,0
2020-10-23,15:16:56,49,0,0
2020-10-23,15:16:57,49,0,0
2020-10-23,15:16:58,49,0,0
2020-10-23,15:16:59,50,0,0
2020-10-23,15:17:00,52,0,0
2020-10-23,15:17:01,54,0,0
2020-10-23,15:17:02,55,0,0
2020-10-23,15:17:03,55,0,0
2020-10-23,15:17:04,55,0,0
2020-10-23,15:17:05,57,0,0
2020-10-23,15:17:06,58,0,0
2020-10-23,15:17:07,61,1,0
2020-10-23,15:17:08,63,1,1
2020-10-23,15:17:09,65,1,1
2020-10-23,15:17:10,67,0,0
2020-10-23,15:17:11,68,1,0
2020-10-23,15:17:12,66,1,0
2020-10-23,15:17:13,60,1,1
2020-10-23,15:17:14,56,1,0
2020-10-23,15:17:15,53,0,0
2020-10-23,15:17:16,51,0,0
2020-10-23,15:17:17,50,0,0
2020-10-23,15:17:18,50,0,0
2020-10-23,15:17:19,50,0,0
2020-10-23,15:17:20,51,0,0
2020-10-23,15:17:21,51,0,0
2020-10-23,15:17:22,52,0,0
2020-10-23,15:17:23,52,0,0
2020-10-23,15:17:24,52,0,0
2020-10-23,15:17:25,52,0,0
2020-10-23,15:17:26,53,0,0
2020-10-23,15:17:27,54,0,0
2020-10-23,15:17:28,54,0,0
2020-10-23,15:17:29,54,0,0
2020-10-23,15:17:30,54,0,0
2020-10-23,15:17:31,53,0,0
2020-10-23,15:17:32,55,0,0
2020-10-23,15:17:33,57,0,0
2020-10-23,15:17:34,60,0,0
2020-10-23,15:17:35,62,0,0
2020-10-23,15:17:36,65,0,0
2020-10-23,15:17:37,68,0,0
2020-10-23,15:17:38,70,0,0
2020-10-23,15:17:39,73,0,0
2020-10-23,15:17:40,76,1,0
2020-10-23,15:17:41,80,1,0
2020-10-23,15:17:42,83,1,0
2020-10-23,15:17:43,85,1,0
2020-10-23,15:17:44,86,1,0
2020-10-23,15:17:45,87,1,0
2020-10-23,15:17:46,88,1,0
2020-10-23,15:17:47,89,1,1
2020-10-23,15:17:48,89,1,1
2020-10-23,15:17:49,90,1,1
2020-10-23,15:17:50,90,1,1
2020-10-23,15:17:51,90,1,1
2020-10-23,15:17:52,89,1,1
2020-10-23,15:17:53,88,1,1
2020-10-23,15:17:54,87,1,1
2020-10-23,15:17:55,85,1,1
2020-10-23,15:17:56,84,1,1
2020-10-23,15:17:57,83,1,1
2020-10-23,15:17:58,82,1,1
2020-10-23,15:17:59,80,1,1
2020-10-23,15:18:00,79,1,1
2020-10-23,15:18:01,77,1,1
2020-10-23,15:18:02,76,0,1
2020-10-23,15:18:03,77,0,1
2020-10-23,15:18:04,79,0,1
2020-10-23,15:18:05,82,0,1
2020-10-23,15:18:06,84,0,1
2020-10-23,15:18:07,68,0,1
2020-10-23,15:18:08,88,0,1
2020-10-23,15:18:09,90,0,1
2020-10-23,15:18:10,92,0,1
2020-10-23,15:18:11,94,0,1
2020-10-23,15:18:12,69,0,1
2020-10-23,15:18:13,79,0,1
2020-10-23,15:18:14,99,0,1
2020-10-23,15:18:15,99,1,1
2020-10-23,15:18:16,98,1,1
2020-10-23,15:18:17,94,1,1
2020-10-23,15:18:18,92,1,1
2020-10-23,15:18:19,90,1,1
2020-10-23,15:18:20,90,1,1
2020-10-23,15:18:21,89,1,1
2020-10-23,15:18:22,89,1,1
2020-10-23,15:18:23,90,1,1
2020-10-23,15:18:24,90,1,1
2020-10-23,15:18:25,90,1,1
2020-10-23,15:18:26,90,1,1
2020-10-23,15:18:27,90,1,1
2020-10-23,15:18:28,90,1,1
2020-10-23,15:18:29,91,1,1
2020-10-23,15:18:30,92,1,1
2020-10-23,15:18:31,93,1,1
2020-10-23,15:18:32,93,1,1
2020-10-23,15:18:33,94,1,1
2020-10-23,15:18:34,94,1,1
2020-10-23,15:18:35,95,1,1
2020-10-23,15:18:36,95,1,1
2020-10-23,15:18:37,96,1,1
2020-10-23,15:18:38,97,1,1
2020-10-23,15:18:39,97,1,1
2020-10-23,15:18:40,98,1,1
2020-10-23,15:18:41,98,1,1
2020-10-23,15:18:42,98,1,1
2020-10-23,15:18:43,98,1,1
2020-10-23,15:18:44,,1,1
2020-10-23,15:18:45,98,1,1
2020-10-23,15:18:46,99,1,1
2020-10-23,15:18:47,99,1,1
2020-10-23,15:18:48,100,1,1
2020-10-23,15:18:49,101,1,1
2020-10-23,15:18:50,101,1,1
2020-10-23,15:18:51,102,1,1
2020-10-23,15:18:52,102,1,1
2020-10-23,15:18:53,102,1,1
2020-10-23,15:18:54,102,1,1
2020-10-23,15:18:55,103,1,1
2020-10-23,15:18:56,103,1,1
2020-10-23,15:18:57,103,1,1
2020-10-23,15:18:58,104,1,1
2020-10-23,15:18:59,106,1,1
2020-10-23,15:19:00,106,1,1
2020-10-23,15:19:01,106,1,1
2020-10-23,15:19:02,105,1,1
2020-10-23,15:19:03,103,1,1
2020-10-23,15:19:04,102,1,1
2020-10-23,15:19:05,100,1,1
2020-10-23,15:19:06,99,1,1
2020-10-23,15:19:07,98,1,1
2020-10-23,15:19:08,97,1,1
2020-10-23,15:19:09,96,1,1
2020-10-23,15:19:11,96,1,1
2020-10-23,15:19:12,79,1,1
2020-10-23,15:19:13,97,1,1
2020-10-23,15:19:14,79,1,1
2020-10-23,15:19:15,97,1,1
2020-10-23,15:19:16,97,1,1
2020-10-23,15:19:17,97,1,1
2020-10-23,15:19:18,79,1,1
2020-10-23,15:19:19,97,1,1
2020-10-23,15:19:20,98,1,1
2020-10-23,15:19:21,96,1,1
2020-10-23,15:19:22,95,1,1
2020-10-23,15:19:23,93,1,1
2020-10-23,15:19:24,89,1,1
2020-10-23,15:19:25,83,1,1
2020-10-23,15:19:26,79,1,1
2020-10-23,15:19:27,77,1,1
2020-10-23,15:19:28,76,1,1
2020-10-23,15:19:29,75,1,1
2020-10-23,15:19:30,74,1,1
2020-10-23,15:19:31,73,1,1
2020-10-23,15:19:32,70,1,1
2020-10-23,15:19:33,69,1,1
2020-10-23,15:19:34,67,1,1
2020-10-23,15:19:35,65,1,1
2020-10-23,15:19:36,63,1,1
2020-10-23,15:19:37,61,1,1
2020-10-23,15:19:38,59,1,1
2020-10-23,15:19:39,58,1,1
2020-10-23,15:19:40,57,1,1
2020-10-23,15:19:41,57,1,1
2020-10-23,15:19:42,58,1,1
2020-10-23,15:19:43,63,1,1
2020-10-23,15:19:44,69,1,1
2020-10-23,15:19:45,77,1,1
2020-10-23,15:19:46,83,1,1
2020-10-23,15:19:47,89,1,1
2020-10-23,15:19:48,97,1,1
2020-10-23,15:19:49,102,1,1
2020-10-23,15:19:50,,1,1
2020-10-23,15:19:51,112,1,1
2020-10-23,15:19:52,113,1,1
2020-10-23,15:19:53,113,1,1
2020-10-23,15:19:54,112,1,1
2020-10-23,15:19:55,111,1,1
2020-10-23,15:19:56,110,1,1
2020-10-23,15:19:57,109,1,1
2020-10-23,15:19:58,109,1,1
2020-10-23,15:19:59,107,1,1
2020-10-23,15:20:00,107,1,1
2020-10-23,15:20:01,106,1,1
2020-10-23,15:20:02,105,1,1
2020-10-23,15:20:03,104,1,1
2020-10-23,15:20:04,104,1,1
2020-10-23,15:20:05,103,1,1
2020-10-23,15:20:06,103,1,1
2020-10-23,15:20:07,102,1,1
2020-10-23,15:20:08,102,1,1
2020-10-23,15:20:09,101,1,1
2020-10-23,15:20:10,100,1,1
2020-10-23,15:20:11,99,1,1
2020-10-23,15:20:12,98,1,1
2020-10-23,15:20:13,97,1,1
2020-10-23,15:20:14,96,1,1
2020-10-23,15:20:15,95,1,1
2020-10-23,15:20:16,,1,1
2020-10-23,15:20:17,,1,1
2020-10-23,15:20:18,,1,1
2020-10-23,15:20:19,,1,1
2020-10-23,15:20:20,,1,1
2020-10-23,15:20:21,,1,0
2020-10-23,15:20:22,,1,0
2020-10-23,15:20:23,,1,0
2020-10-23,15:20:24,,1,0
2020-10-23,15:20:25,97,1,1
2020-10-23,15:20:26,96,1,1
2020-10-23,15:20:27,96,1,1
2020-10-23,15:20:28,95,1,1
2020-10-23,15:20:29,95,1,1
2020-10-23,15:20:30,94,1,1
2020-10-23,15:20:31,94,1,1
2020-10-23,15:20:32,93,1,1
2020-10-23,15:20:33,93,1,1
2020-10-23,15:20:34,93,1,1
2020-10-23,15:20:35,94,1,1
2020-10-23,15:20:36,94,1,1
2020-10-23,15:20:37,94,1,1
2020-10-23,15:20:38,94,1,1
2020-10-23,15:20:39,94,1,1
2020-10-23,15:20:40,93,1,1
2020-10-23,15:20:41,92,1,1
2020-10-23,15:20:42,91,1,1
2020-10-23,15:20:43,90,1,1
2020-10-23,15:20:44,89,1,1
2020-10-23,15:20:45,88,1,1
2020-10-23,15:20:46,78,1,1
2020-10-23,15:20:47,78,1,1
2020-10-23,15:20:48,87,1,1
2020-10-23,15:20:49,78,1,1
2020-10-23,15:20:50,87,1,1
2020-10-23,15:20:51,87,1,1
2020-10-23,15:20:52,87,1,1
2020-10-23,15:20:53,88,1,1
2020-10-23,15:20:54,89,1,1
2020-10-23,15:20:55,88,1,1
2020-10-23,15:20:56,87,1,1
2020-10-23,15:20:57,85,1,1
2020-10-23,15:20:58,84,1,1
2020-10-23,15:20:59,83,1,1
2020-10-23,15:21:00,83,1,1
2020-10-23,15:21:01,84,1,1
2020-10-23,15:21:02,84,1,1
2020-10-23,15:21:03,84,1,1
2020-10-23,15:21:04,84,1,1
2020-10-23,15:21:05,84,1,1
2020-10-23,15:21:06,84,1,1
2020-10-23,15:21:07,85,1,1
2020-10-23,15:21:08,85,1,1
2020-10-23,15:21:09,85,1,1
2020-10-23,15:21:10,86,1,1
2020-10-23,15:21:11,87,1,1
2020-10-23,15:21:12,88,1,1
2020-10-23,15:21:13,89,1,1
2020-10-23,15:21:14,89,1,1
2020-10-23,15:21:15,88,1,1
2020-10-23,15:21:16,87,1,1
2020-10-23,15:21:17,85,1,1
2020-10-23,15:21:18,84,1,1
2020-10-23,15:21:19,82,1,1
2020-10-23,15:21:20,80,1,1
2020-10-23,15:21:21,79,1,1
2020-10-23,15:21:22,77,1,1
2020-10-23,15:21:23,76,1,1
2020-10-23,15:21:24,74,1,1
2020-10-23,15:21:25,70,1,1
2020-10-23,15:21:26,67,1,1
2020-10-23,15:21:27,65,1,1
2020-10-23,15:21:28,64,1,1
2020-10-23,15:21:29,62,1,1
2020-10-23,15:21:30,63,1,1
2020-10-23,15:21:31,66,1,1
2020-10-23,15:21:32,70,1,1
2020-10-23,15:21:33,75,1,1
2020-10-23,15:21:34,80,1,1
2020-10-23,15:21:35,88,1,1
2020-10-23,15:21:36,86,1,1
2020-10-23,15:21:37,86,1,1
2020-10-23,15:21:38,85,1,1
2020-10-23,15:21:39,84,1,1
2020-10-23,15:21:40,82,1,1
2020-10-23,15:21:41,83,1,1
2020-10-23,15:21:42,82,1,1
2020-10-23,15:21:43,82,1,1
2020-10-23,15:21:44,81,1,1
2020-10-23,15:21:45,80,1,1
2020-10-23,15:21:46,79,1,1
2020-10-23,15:21:47,78,1,1
2020-10-23,15:21:48,77,1,1
2020-10-23,15:21:49,75,1,1
2020-10-23,15:21:50,74,1,1
2020-10-23,15:21:51,73,1,1
2020-10-23,15:21:52,73,1,1
2020-10-23,15:21:53,73,1,1
2020-10-23,15:21:54,73,1,1
2020-10-23,15:21:55,73,1,1
2020-10-23,15:21:56,74,1,1
2020-10-23,15:21:57,74,1,1
2020-10-23,15:21:58,74,1,1
2020-10-23,15:21:59,75,1,1
2020-10-23,15:22:00,75,1,1
2020-10-23,15:22:01,74,1,1
2020-10-23,15:22:02,74,1,1
2020-10-23,15:22:03,74,1,1
2020-10-23,15:22:04,74,1,1
2020-10-23,15:22:05,74,1,1
2020-10-23,15:22:06,75,1,1
2020-10-23,15:22:07,77,1,1
2020-10-23,15:22:08,78,1,1
2020-10-23,15:22:09,80,1,1
2020-10-23,15:22:10,82,1,1
2020-10-23,15:22:11,83,1,1
2020-10-23,15:22:12,83,1,1
2020-10-23,15:22:13,83,1,1
2020-10-23,15:22:14,83,1,1
2020-10-23,15:22:15,84,1,1
2020-10-23,15:22:16,85,1,1
2020-10-23,15:22:17,85,1,1
2020-10-23,15:22:18,84,1,1
2020-10-23,15:22:19,84,1,1
2020-10-23,15:22:20,83,1,1
2020-10-23,15:22:21,81,1,1
2020-10-23,15:22:22,,1,1
2020-10-23,15:22:23,76,1,1
2020-10-23,15:22:24,76,1,1
2020-10-23,15:22:25,77,1,1
2020-10-23,15:22:26,79,1,1
2020-10-23,15:22:27,80,1,1
2020-10-23,15:22:28,81,1,0
2020-10-23,15:22:29,84,1,0
2020-10-23,15:22:30,87,1,0
2020-10-23,15:22:31,89,1,0
2020-10-23,15:22:32,92,1,0
2020-10-23,15:22:33,95,1,0
2020-10-23,15:22:34,99,1,1
2020-10-23,15:22:35,102,1,1
2020-10-23,15:22:36,105,1,1
2020-10-23,15:22:37,107,1,1
2020-10-23,15:22:38,108,1,1
2020-10-23,15:22:39,109,1,1
2020-10-23,15:22:40,108,1,1
2020-10-23,15:22:41,170,1,1
2020-10-23,15:22:42,106,1,1
2020-10-23,15:22:43,103,1,1
2020-10-23,15:22:44,102,1,1
2020-10-23,15:22:45,130,1,1
2020-10-23,15:22:46,140,1,1
2020-10-23,15:22:47,105,1,1
2020-10-23,15:22:48,107,1,1
2020-10-23,15:22:49,109,1,1
2020-10-23,15:22:50,109,1,1
2020-10-23,15:22:51,109,1,1
2020-10-23,15:22:52,108,1,1
2020-10-23,15:22:53,107,1,1
2020-10-23,15:22:54,107,1,1
2020-10-23,15:22:55,107,1,1
2020-10-23,15:22:56,106,1,1
2020-10-23,15:22:57,105,1,1
2020-10-23,15:22:58,106,1,1
2020-10-23,15:22:59,104,1,1
2020-10-23,15:23:00,103,1,1
2020-10-23,15:23:01,102,1,1
2020-10-23,15:23:02,100,1,1
2020-10-23,15:23:03,98,1,1
2020-10-23,15:23:04,96,1,1
2020-10-23,15:23:05,95,1,1
2020-10-23,15:23:06,94,1,1
2020-10-23,15:23:07,93,1,1
2020-10-23,15:23:08,91,1,1
2020-10-23,15:23:09,90,1,1
2020-10-23,15:23:10,90,1,1
2020-10-23,15:23:11,89,1,1
2020-10-23,15:23:12,89,1,1
2020-10-23,15:23:13,88,1,0
2020-10-23,15:23:14,87,1,0
2020-10-23,15:23:15,86,1,1
2020-10-23,15:23:16,86,1,1
2020-10-23,15:23:17,86,1,0
2020-10-23,15:23:18,85,1,0
2020-10-23,15:23:19,85,1,0
2020-10-23,15:23:20,85,1,0
2020-10-23,15:23:21,84,1,0
2020-10-23,15:23:22,83,1,1
2020-10-23,15:23:23,82,1,1
2020-10-23,15:23:24,82,1,1
2020-10-23,15:23:25,81,1,1
2020-10-23,15:23:26,81,1,1
2020-10-23,15:23:27,80,1,1
2020-10-23,15:23:28,80,1,1
2020-10-23,15:23:29,80,1,1
2020-10-23,15:23:30,81,1,1
2020-10-23,15:23:31,81,1,1
2020-10-23,15:23:32,82,1,1
2020-10-23,15:23:33,83,1,1
2020-10-23,15:23:34,83,1,1
2020-10-23,15:23:35,84,1,1
2020-10-23,15:23:36,84,1,1
2020-10-23,15:23:37,83,1,1
2020-10-23,15:23:38,84,1,1
2020-10-23,15:23:39,85,1,1
2020-10-23,15:23:40,86,1,1
2020-10-23,15:23:41,87,1,1
2020-10-23,15:23:42,88,1,1
2020-10-23,15:23:43,88,1,1
2020-10-23,15:23:44,91,1,1
2020-10-23,15:23:45,94,1,1
2020-10-23,15:23:46,98,1,1
2020-10-23,15:23:47,100,1,1
2020-10-23,15:23:48,101,1,1
2020-10-23,15:23:49,100,1,1
2020-10-23,15:23:50,101,1,1
2020-10-23,15:23:51,101,1,1
2020-10-23,15:23:52,101,1,1
2020-10-23,15:23:53,100,1,1
2020-10-23,15:23:54,,1,1
2020-10-23,15:23:55,,1,1
2020-10-23,15:23:56,96,1,1
2020-10-23,15:23:57,95,1,1
2020-10-23,15:23:58,93,1,1
2020-10-23,15:23:59,92,1,1
2020-10-23,15:24:00,90,1,1
2020-10-23,15:24:01,89,1,1
2020-10-23,15:24:02,88,1,1
2020-10-23,15:24:03,87,1,1
2020-10-23,15:24:04,86,1,1
2020-10-23,15:24:05,86,1,1
2020-10-23,15:24:06,87,1,1
2020-10-23,15:24:07,87,1,1
2020-10-23,15:24:08,88,1,1
2020-10-23,15:24:09,87,1,1
2020-10-23,15:24:10,87,1,1
2020-10-23,15:24:11,87,1,1
2020-10-23,15:24:12,87,1,1
2020-10-23,15:24:13,87,1,1
2020-10-23,15:24:14,88,1,1
2020-10-23,15:24:14,88,1,1
2020-10-23,15:24:15,88,1,1
2020-10-23,15:24:16,88,1,1
2020-10-23,15:24:17,88,1,1
2020-10-23,15:24:18,88,1,1
2020-10-23,15:24:19,,1,1
2020-10-23,15:24:20,,1,1
2020-10-23,15:24:21,,1,1
2020-10-23,15:24:22,87,1,1
2020-10-23,15:24:23,86,1,1
2020-10-23,15:24:24,86,1,1
2020-10-23,15:24:25,85,1,1
2020-10-23,15:24:26,84,1,1
2020-10-23,15:24:27,84,1,1
2020-10-23,15:24:28,82,1,1
2020-10-23,15:24:29,81,1,1
2020-10-23,15:24:30,76,1,1
2020-10-23,15:24:31,70,1,1
2020-10-23,15:24:32,64,1,1
2020-10-23,15:24:33,61,1,1
2020-10-23,15:24:34,59,1,1
2020-10-23,15:24:35,54,0,0
2020-10-23,15:24:36,49,0,0
2020-10-23,15:24:37,47,0,0
2020-10-23,15:24:38,46,0,0
2020-10-23,15:24:39,48,0,0
2020-10-23,15:24:40,50,0,0
2020-10-23,15:24:41,51,0,0
2020-10-23,15:24:42,51,0,0
2020-10-23,15:24:43,52,0,0
2020-10-23,15:24:44,53,0,0
2020-10-23,15:24:45,54,0,0
2020-10-23,15:24:46,53,0,0
2020-10-23,15:24:47,51,0,0
2020-10-23,15:24:48,48,0,1
2020-10-23,15:24:49,47,0,1
2020-10-23,15:24:50,47,0,1
2020-10-23,15:24:51,48,0,1
2020-10-23,15:24:52,48,0,1
2020-10-23,15:24:53,48,0,1
2020-10-23,15:24:54,48,0,1
2020-10-23,15:24:55,48,0,1
2020-10-23,15:24:56,48,0,1
2020-10-23,15:24:57,48,0,1
2020-10-23,15:24:58,48,0,1
2020-10-23,15:24:59,48,0,1
2020-10-23,15:25:00,48,0,1
2020-10-23,15:25:01,48,0,1
2020-10-23,15:25:02,48,0,1
2020-10-23,15:25:03,47,0,1
2020-10-23,15:25:04,,0,1
2020-10-23,15:25:05,41,0,1
2020-10-23,15:25:06,35,0,1
2020-10-23,15:25:07,31,0,1
2020-10-23,15:25:08,28,0,1
2020-10-23,15:25:09,26,0,1
2020-10-23,15:25:10,26,0,1
2020-10-23,15:25:11,26,0,1
2020-10-23,15:25:12,27,0,1
2020-10-23,15:25:13,30,0,1
2020-10-23,15:25:14,32,0,1
2020-10-23,15:25:15,,0,1
2020-10-23,15:25:16,36,0,1
2020-10-23,15:25:17,39,0,1
2020-10-23,15:25:18,40,0,1
2020-10-23,15:25:19,42,0,1
2020-10-23,15:25:20,43,0,1
2020-10-23,15:25:21,45,0,1
2020-10-23,15:25:22,46,0,1
2020-10-23,15:25:23,46,0,1
2020-10-23,15:25:24,45,0,1
2020-10-23,15:25:25,,0,1
2020-10-23,15:25:26,,0,1
2020-10-23,15:25:27,43,0,1
2020-10-23,15:25:28,42,0,1
2020-10-23,15:25:29,41,0,1
2020-10-23,15:25:30,40,0,1
2020-10-23,15:25:31,41,0,1
2020-10-23,15:25:32,41,0,1
2020-10-23,15:25:33,43,0,1
2020-10-23,15:25:34,,0,1
2020-10-23,15:25:35,46,0,1
2020-10-23,15:25:36,47,0,1
2020-10-23,15:25:37,47,0,1
2020-10-23,15:25:38,46,0,1
2020-10-23,15:25:39,,0,1
2020-10-23,15:25:40,43,0,1
2020-10-23,15:25:41,,0,1
2020-10-23,15:25:42,,0,1
2020-10-23,15:25:43,48,1,1
2020-10-23,15:25:44,49,1,0
2020-10-23,15:25:45,50,1,1
2020-10-23,15:25:46,50,1,1
2020-10-23,15:25:47,51,1,1
2020-10-23,15:25:48,51,1,1
2020-10-23,15:25:49,52,1,1
2020-10-23,15:25:50,53,1,1
2020-10-23,15:25:51,54,1,1
2020-10-23,15:25:52,54,1,1
2020-10-23,15:25:53,55,1,1
2020-10-23,15:25:54,55,1,1
2020-10-23,15:25:55,,1,1
2020-10-23,15:25:56,52,0,1
2020-10-23,15:25:57,49,0,1
2020-10-23,15:25:58,47,0,1
2020-10-23,15:25:59,,0,1
2020-10-23,15:26:00,45,0,1
2020-10-23,15:26:01,45,0,1
2020-10-23,15:26:02,47,0,1
2020-10-23,15:26:03,50,0,1
2020-10-23,15:26:04,51,0,1
2020-10-23,15:26:05,53,0,1
2020-10-23,15:26:06,,0,1
2020-10-23,15:26:07,55,0,1
2020-10-23,15:26:08,56,0,1
2020-10-23,15:26:09,57,0,1
2020-10-23,15:26:10,58,0,1
2020-10-23,15:26:11,59,0,1
2020-10-23,15:26:12,60,0,1
2020-10-23,15:26:13,61,0,1
2020-10-23,15:26:14,,0,1
2020-10-23,15:26:15,,0,1
2020-10-23,15:26:16,58,0,1
2020-10-23,15:26:17,57,0,1
2020-10-23,15:26:18,56,1,1
2020-10-23,15:26:19,55,0,0
2020-10-23,15:26:20,53,0,0
2020-10-23,15:26:21,52,0,0
2020-10-23,15:26:22,51,0,0
2020-10-23,15:26:23,52,0,0
2020-10-23,15:26:24,55,0,0
2020-10-23,15:26:25,56,0,0
2020-10-23,15:26:26,55,0,0
2020-10-23,15:26:27,55,0,0
2020-10-23,15:26:28,,0,0
2020-10-23,15:26:29,55,0,0
2020-10-23,15:26:30,55,0,0
2020-10-23,15:26:31,56,0,0
2020-10-23,15:26:32,56,0,0
2020-10-23,15:26:33,59,0,0
2020-10-23,15:26:34,62,1,1
2020-10-23,15:26:35,61,1,1
2020-10-23,15:26:36,61,1,1
2020-10-23,15:26:37,60,1,1
2020-10-23,15:26:38,59,1,1
2020-10-23,15:26:39,58,1,1
2020-10-23,15:26:40,59,1,1
2020-10-23,15:26:41,58,1,1
2020-10-23,15:26:42,58,1,1
2020-10-23,15:26:43,,1,1
2020-10-23,15:26:44,59,1,1
2020-10-23,15:26:45,59,1,1
2020-10-23,15:26:46,59,1,1
2020-10-23,15:26:47,59,1,1
2020-10-23,15:26:48,59,1,1
2020-10-23,15:26:49,61,1,1
2020-10-23,15:26:50,65,1,1
2020-10-23,15:26:51,68,1,1
2020-10-23,15:26:52,70,1,1
2020-10-23,15:26:53,70,1,1
2020-10-23,15:26:54,70,1,1
2020-10-23,15:26:55,72,1,1
2020-10-23,15:26:56,71,1,1
2020-10-23,15:26:57,70,1,1
2020-10-23,15:26:58,68,1,1
2020-10-23,15:26:59,69,1,1
2020-10-23,15:27:00,70,1,1
2020-10-23,15:27:01,71,1,1
2020-10-23,15:27:02,71,1,1
2020-10-23,15:27:03,71,1,1
2020-10-23,15:27:04,71,1,1
2020-10-23,15:27:05,71,1,1
2020-10-23,15:27:06,72,1,1
2020-10-23,15:27:07,72,1,1
2020-10-23,15:27:08,73,1,1
2020-10-23,15:27:09,73,1,1
2020-10-23,15:27:10,73,1,1
2020-10-23,15:27:11,72,1,1
2020-10-23,15:27:12,72,1,1
2020-10-23,15:27:13,72,1,1
2020-10-23,15:27:14,72,1,1
2020-10-23,15:27:15,72,1,1
2020-10-23,15:27:16,71,0,0
2020-10-23,15:27:17,69,1,1
2020-10-23,15:27:18,69,1,1
2020-10-23,15:27:19,69,1,1
2020-10-23,15:27:20,70,1,0
2020-10-23,15:27:21,70,1,0
2020-10-23,15:27:22,71,1,0
2020-10-23,15:27:23,74,1,0
2020-10-23,15:27:24,77,1,0
2020-10-23,15:27:25,82,1,0
2020-10-23,15:27:26,87,1,0
2020-10-23,15:27:27,88,1,1
2020-10-23,15:27:28,78,1,1
2020-10-23,15:27:29,7,1,1
2020-10-23,15:27:30,68,1,1
2020-10-23,15:27:31,85,1,1
2020-10-23,15:27:32,83,1,1
2020-10-23,15:27:33,81,1,1
2020-10-23,15:27:34,78,1,1
2020-10-23,15:27:35,71,1,0
2020-10-23,15:27:36,67,1,0
2020-10-23,15:27:37,65,1,0
2020-10-23,15:27:38,,1,0
2020-10-23,15:27:39,65,1,0
2020-10-23,15:27:40,66,1,0
2020-10-23,15:27:41,67,1,0
2020-10-23,15:27:42,67,1,1
2020-10-23,15:27:43,67,1,1
2020-10-23,15:27:44,67,1,1
2020-10-23,15:27:45,66,1,1
2020-10-23,15:27:46,65,1,1
2020-10-23,15:27:47,65,1,1
2020-10-23,15:27:48,65,1,1
2020-10-23,15:27:49,65,1,1
2020-10-23,15:27:50,65,1,1
2020-10-23,15:27:51,66,1,1
2020-10-23,15:27:52,66,1,1
2020-10-23,15:27:53,65,1,1
2020-10-23,15:27:54,65,1,1
2020-10-23,15:27:55,63,1,1
2020-10-23,15:27:56,62,1,1
2020-10-23,15:27:57,61,1,1
2020-10-23,15:27:58,60,1,1
2020-10-23,15:27:59,,1,1
2020-10-23,15:28:00,,1,1
2020-10-23,15:28:01,,1,1
2020-10-23,15:28:02,60,1,1
2020-10-23,15:28:03,62,1,1
2020-10-23,15:28:04,,1,1
2020-10-23,15:28:05,65,1,1
2020-10-23,15:28:06,66,1,1
2020-10-23,15:28:07,67,1,1
2020-10-23,15:28:08,68,1,1
2020-10-23,15:28:09,70,1,1
2020-10-23,15:28:10,71,1,1
2020-10-23,15:28:11,72,1,1
2020-10-23,15:28:12,73,1,1
2020-10-23,15:28:13,76,1,1
2020-10-23,15:28:14,76,1,1
2020-10-23,15:28:15,75,1,1
2020-10-23,15:28:16,73,1,1
2020-10-23,15:28:17,72,1,1
2020-10-23,15:28:18,72,1,1
2020-10-23,15:28:19,71,1,1
2020-10-23,15:28:20,71,1,1
2020-10-23,15:28:21,71,1,1
2020-10-23,15:28:22,70,1,1
2020-10-23,15:28:23,70,1,1
2020-10-23,15:28:24,69,1,1
2020-10-23,15:28:25,69,1,1
2020-10-23,15:28:26,68,1,1
2020-10-23,15:28:27,69,1,1
2020-10-23,15:28:28,58,1,1
2020-10-23,15:28:29,72,1,1
2020-10-23,15:28:30,74,1,1
2020-10-23,15:28:31,78,1,1
2020-10-23,15:28:32,82,1,1
2020-10-23,15:28:33,85,1,1
2020-10-23,15:28:34,85,1,1
2020-10-23,15:28:35,,1,1
2020-10-23,15:28:36,83,1,1
2020-10-23,15:28:37,82,1,1
2020-10-23,15:28:38,81,1,1
2020-10-23,15:28:39,80,1,1
2020-10-23,15:28:40,79,1,1
2020-10-23,15:28:41,78,1,1
2020-10-23,15:28:42,77,1,1
2020-10-23,15:28:43,76,1,1
2020-10-23,15:28:44,76,1,1
2020-10-23,15:28:45,76,1,1
2020-10-23,15:28:46,75,1,1
2020-10-23,15:28:47,75,0,1
2020-10-23,15:28:48,74,0,1
2020-10-23,15:28:49,73,1,1
2020-10-23,15:28:50,72,1,1
2020-10-23,15:28:51,71,1,1
2020-10-23,15:28:52,71,1,1
2020-10-23,15:28:53,71,1,1
2020-10-23,15:28:54,73,1,1
2020-10-23,15:28:55,74,1,1
2020-10-23,15:28:56,76,1,1
2020-10-23,15:28:57,79,1,1
2020-10-23,15:28:58,81,1,1
2020-10-23,15:28:59,78,1,1
2020-10-23,15:29:00,72,1,1
2020-10-23,15:29:01,70,1,1
2020-10-23,15:29:02,69,1,1
2020-10-23,15:29:03,68,1,1
2020-10-23,15:29:04,66,1,1
2020-10-23,15:29:05,65,1,1
2020-10-23,15:29:06,65,1,1
2020-10-23,15:29:07,64,1,1
2020-10-23,15:29:08,65,1,1
2020-10-23,15:29:09,65,1,1
2020-10-23,15:29:10,65,1,1
2020-10-23,15:29:11,65,1,1
2020-10-23,15:29:12,64,1,1
2020-10-23,15:29:13,64,1,1
2020-10-23,15:29:14,65,1,1
2020-10-23,15:29:15,66,1,1
2020-10-23,15:29:16,68,1,1
2020-10-23,15:29:18,70,1,1
2020-10-23,15:29:19,69,1,1
2020-10-23,15:29:20,69,1,1
2020-10-23,15:29:21,68,1,1
2020-10-23,15:29:22,66,1,1
2020-10-23,15:29:23,64,1,1
2020-10-23,15:29:24,62,1,1
2020-10-23,15:29:25,60,1,1
2020-10-23,15:29:26,59,1,1
2020-10-23,15:29:27,59,1,1
2020-10-23,15:29:28,60,1,1
2020-10-23,15:29:29,60,1,1
2020-10-23,15:29:30,60,1,1
2020-10-23,15:29:31,61,1,1
2020-10-23,15:29:32,62,1,1
2020-10-23,15:29:33,62,1,1
2020-10-23,15:29:34,62,1,1
2020-10-23,15:29:35,63,1,1
2020-10-23,15:29:36,63,1,1
2020-10-23,15:29:37,64,1,1
2020-10-23,15:29:38,63,1,1
2020-10-23,15:29:39,63,1,1
2020-10-23,15:29:40,63,1,1
2020-10-23,15:29:41,63,1,1
2020-10-23,15:29:42,64,1,1
2020-10-23,15:29:43,65,1,1
2020-10-23,15:29:44,66,1,1
2020-10-23,15:29:45,67,1,1
2020-10-23,15:29:46,67,1,1
2020-10-23,15:29:47,68,1,1
2020-10-23,15:29:48,69,1,1
2020-10-23,15:29:49,70,1,1
2020-10-23,15:29:50,71,1,1
2020-10-23,15:29:51,71,1,1
2020-10-23,15:29:52,71,1,1
2020-10-23,15:29:53,72,1,1
2020-10-23,15:29:54,71,1,1
2020-10-23,15:29:55,67,1,1
2020-10-23,15:29:56,64,1,1
2020-10-23,15:29:57,63,1,1
2020-10-23,15:29:58,62,1,1
2020-10-23,15:29:59,62,1,1
2020-10-23,15:30:00,63,1,1
2020-10-23,15:30:01,64,1,1
2020-10-23,15:30:02,66,1,1
2020-10-23,15:30:03,67,1,1
2020-10-23,15:30:04,68,1,1
2020-10-23,15:30:05,69,1,1
2020-10-23,15:30:06,70,1,1
2020-10-23,15:30:07,72,1,1
2020-10-23,15:30:08,73,1,1
2020-10-23,15:30:09,74,1,1
2020-10-23,15:30:10,73,1,1
2020-10-23,15:30:11,70,1,1
2020-10-23,15:30:12,69,1,1
2020-10-23,15:30:13,67,1,1
2020-10-23,15:30:14,66,1,1
2020-10-23,15:30:15,65,1,1
2020-10-23,15:30:16,65,1,1
2020-10-23,15:30:17,65,1,1
2020-10-23,15:30:18,66,1,1
2020-10-23,15:30:19,67,1,1
2020-10-23,15:30:20,69,1,1
2020-10-23,15:30:21,70,1,1
2020-10-23,15:30:22,71,1,1
2020-10-23,15:30:23,73,1,1
2020-10-23,15:30:24,75,1,1
2020-10-23,15:30:25,75,1,1
2020-10-23,15:30:26,75,1,1
2020-10-23,15:30:27,76,1,1
2020-10-23,15:30:28,76,1,1
2020-10-23,15:30:29,76,1,1
2020-10-23,15:30:30,76,1,1
2020-10-23,15:30:31,77,1,1
2020-10-23,15:30:32,78,1,1
2020-10-23,15:30:33,80,1,1
2020-10-23,15:30:34,82,1,1
2020-10-23,15:30:35,88,1,1
2020-10-23,15:30:36,85,1,1
2020-10-23,15:30:37,87,1,1
2020-10-23,15:30:38,89,1,1
2020-10-23,15:30:39,90,1,1
2020-10-23,15:30:40,91,1,1
2020-10-23,15:30:41,91,1,1
2020-10-23,15:30:42,90,1,1
2020-10-23,15:30:43,85,1,1
2020-10-23,15:30:44,81,1,1
2020-10-23,15:30:45,79,1,1
2020-10-23,15:30:46,78,1,1
2020-10-23,15:30:47,78,1,1
2020-10-23,15:30:48,77,1,1
2020-10-23,15:30:49,76,1,1
2020-10-23,15:30:50,74,1,1
2020-10-23,15:30:51,72,1,1
2020-10-23,15:30:52,7,1,1
2020-10-23,15:30:53,69,1,1
2020-10-23,15:30:54,69,0,1
2020-10-23,15:30:55,70,0,1
2020-10-23,15:30:56,71,0,1
2020-10-23,15:30:57,71,0,1
2020-10-23,15:30:58,70,0,1
2020-10-23,15:30:59,68,0,1
2020-10-23,15:31:00,66,0,1
2020-10-23,15:31:01,63,0,1
2020-10-23,15:31:02,62,0,1
2020-10-23,15:31:03,62,0,1
2020-10-23,15:31:04,63,0,1
2020-10-23,15:31:05,63,0,1
2020-10-23,15:31:06,63,0,1
2020-10-23,15:31:07,63,0,1
2020-10-23,15:31:08,,0,1
2020-10-23,15:31:09,,0,1
2020-10-23,15:31:10,,0,1
2020-10-23,15:31:11,57,0,1
2020-10-23,15:31:12,59,0,1
2020-10-23,15:31:13,62,0,1
2020-10-23,15:31:14,65,0,1
2020-10-23,15:31:15,65,0,1
2020-10-23,15:31:16,66,0,1
2020-10-23,15:31:17,67,0,1
2020-10-23,15:31:18,68,0,1
2020-10-23,15:31:19,68,0,1
2020-10-23,15:31:20,69,0,1
2020-10-23,15:31:21,70,0,1
2020-10-23,15:31:22,71,0,1
2020-10-23,15:31:23,73,0,1
2020-10-23,15:31:24,79,0,0
2020-10-23,15:31:25,85,0,0
2020-10-23,15:31:26,84,1,0
